Search Term,Ranking (-1 means not in top results)
modoc,-1
modoc county,-1
modoc county ca,-1
visit modoc,-1
visit modoc ca,2
visit modoc county,2
visit modoc county ca,2
tour modoc,52
tour modoc ca,52
tour modoc county,4
tour modoc county ca,61
modoc county tourism,-1
modoc tourism,-1
explore modoc,3
explore modoc ca,2
explore modoc county,3
explore modoc county ca,5
Things to do in modoc,57
Things to do in modoc county,-1
Things to do in modoc ca,-1
visiting modoc,2
visiting modoc county,3
visiting modoc ca,2
should i visit modoc county,8
should i visit modoc county,7